pid,filename
1,Desert-150x150.jpg
2,Desert-200x200.jpg
3,Desert-300x225.jpg
4,Desert-460x345.jpg
5,Desert-600x400.jpg
6,Desert-688x230.jpg
7,Desert-688x516.jpg
8,Desert-700x444.jpg
9,Desert.jpg
10,Desert_thumb-150x150.jpg
11,Desert_thumb-200x200.jpg
12,Desert_thumb-300x225.jpg
13,Desert_thumb-408x230.jpg
14,Desert_thumb.jpg
15,a380-et-747-a-singapore.jpg
16,ailes-a380-rondes-bis.jpg
17,ailes-a380-rondes.jpg
18,americas-cup-boat-bis.jpg
19,americas-cup-boat.jpg
20,an-art-showroom.jpg
21,bateau-a-vapeur-parfaitement-fonctionnel.jpg
22,canoe-detenant-le-record-du-monde-pour-franchir-la-distance-tasmanie-nz.jpg
23,congratz-you-win-the-wind-challenge-ou-comment-jai-piloter-un-bateau-de-lamericas-cup.jpg
24,ferry-building.jpg
48,jolie-fontaine-copier.jpg
26,jeux-denfants-sur-la-marina.jpg
27,jolie-trois-mats.jpg
28,julien-un-copain-fran%c3%a7ais-rencontr%c3%a9-dans-la-rue.jpg
29,la-dragueuse-enfin-je-crois.jpg
30,le-city-center-depuis-la-marina.jpg
64,antenne-bleue-copier_0.jpg
32,le-port-et-la-tour-skyline.jpg
33,mon-bateau-a-vapeur.jpg
58,museum-maritime-drole-de-maquette.jpg
35,museum-martitime-une-maison-en-os-de-baleine.jpg
36,pour-toi-marc.jpg
37,queen-street-bis.jpg
38,queen-street-ter.jpg
39,queen-street-terbis.jpg
40,queen-street.jpg
41,quelques-bateaux.jpg
42,skyline-de-puis-le-bateau.jpg
43,station-des-transports-attention-ce-nest-pas-une-gare.jpg
44,th%c3%a9atre-dauckland-jolie-pub-nest-ce-pas.jpg
46,un-caillou-cracheur-de-feu.jpg
47,eteins-toi-copier.jpg
57,le-moteur-a-vapeur-et-sa-cheminee.jpg
49,la-pleureuse-copier.jpg
50,la-ville-depuis-de-petits-crateres-copier.jpg
51,le-cratere-pas-entier-copier.jpg
52,lueurs-sur-bras-de-mer-2-copier.jpg
53,lueurs-sur-bras-de-mer-copier.jpg
54,lune-inssaisissable-copier.jpg
55,mais-il-monte-copier.jpg
60,un-bateau-a-voile-transport-de-marchandise.jpg
62,julien-un-copain-francais-rencontre-dans-la-rue.jpg
63,antenne-bleue-copier.jpg
61,theatre-dauckland-jolie-pub-n-est-ce-pas.jpg
65,antenne-bleue.jpg
66,arbres-solitaires-sur-aurore-copier.jpg
67,arbres-sur-ciel-rose-copier.jpg
68,breakfeust-quand-tu-nous-tiens-copier.jpg
69,cemetary-copier.jpg
70,ciel-ou-ville-copier.jpg
71,en-fait-il-grimpe-vite-copier.jpg
72,en-fait-il-grimpe-vite-copier_0.jpg
73,eteins-toi-2-copier.jpg
74,eteins-toi-2-copier_0.jpg
75,mes-copains-coureurs-copier.jpg
76,mes-copains-coureurs-copier_0.jpg
77,ombre-d-arbre-sur-la-ville-difraction-horizontale-copier.jpg
78,ombre-d-arbre-sur-la-ville-en-boule-copier.jpg
79,ombre-d-arbre-sur-la-ville-en-boule-copier_0.jpg
80,pas-tant-que-ca-en-fait-copier.jpg
81,petit-chemin-de-ronde-copier.jpg
82,petite-lune-pourquoi-si-petite-copier.jpg
83,pour-les-couleurs-copier.jpg
84,premiere-lueurs-de-l-aube-2-copier.jpg
85,premiere-lueurs-de-l-aube-copier.jpg
86,rdv-des-joggueurs-copier.jpg
87,school-of-grammar-copier.jpg
88,seconde-lueurs-de-l-aube-2-copier.jpg
89,seconde-lueurs-de-l-aube-copier.jpg
90,seconde-lueurs-de-l-aube-variation-chromatique-copier.jpg
91,si-haut-deja-j-ai-faim-copier.jpg
92,sois-pas-defaitiste-c-est-bien-lui-copier.jpg
93,stone-church-copier.jpg
94,tiens-le-soleil-copier.jpg
95,tu-as-raison-copier.jpg
96,ombre-d-arbre-sur-la-ville-difraction-horizontale-copier_0.jpg
97,a-park-arbre-en-fleur-copier.jpg
98,big-tree-copier.jpg
99,eglise-chaipluskoi-copier.jpg
100,eglise-chaipluskoi-bis-copier.jpg
101,fontaine-d-albert-park-copier.jpg
102,palmier-sur-clocher-copier.jpg
103,romantik-bis-copier.jpg
104,romantik-copier.jpg
105,soleileurs-copier.jpg
106,the-guardian-copier.jpg
107,university-of-fine-art-copier.jpg
108,bar-du-premier-soir-copier.jpg
109,c-cadre-non-copier.jpg
110,centre-quand-tu-nous-guettes-copier.jpg
111,charmante-maison-copier.jpg
112,chemine-et-skytower-copier.jpg
113,club-des-officiers-copier.jpg
114,comment-trouvez-vous-copier.jpg
115,coucher-de-soleil-bis-copier.jpg
116,coucher-de-soleil-copier.jpg
117,diversite-ethnique-copier.jpg
118,dog-band-glasses-copier.jpg
119,drapeaux-y-avait-le-koreen-aussi-copier.jpg
120,ferme-iii-copier.jpg
121,highway-and-cbd-copier.jpg
122,hotel-de-ville-copier.jpg
123,hotel-de-ville-et-artche-copier.jpg
124,incongru-copier.jpg
125,joli-parasite-copier.jpg
126,jolie-fresque-d-exterieur-bis-copier.jpg
127,jolie-fresque-d-exterieur-copier.jpg
128,jolie-fresque-d-interieur-copier.jpg
129,jolie-fresque-suite-2-copier.jpg
130,jolie-fresque-suite-copier.jpg
131,jolie-pendant-copier.jpg
132,let-me-do-your-dishes-copier.jpg
133,ma-rue-autre-face-copier.jpg
134,maison-franklin-copier.jpg
135,maori-artche-copier.jpg
136,mieux-ou-moins-bien-copier.jpg
137,ou-est-le-kiwiiii-copier.jpg
138,perspective-copier.jpg
139,ponsonby-street-copier.jpg
140,progres-a-faire-copier.jpg
141,residentiel-copier.jpg
142,rugby-a-7-ss-plaquage-bis-copier.jpg
143,rugby-a-7-ss-plaquage-copier.jpg
144,un-batiment-de-luniversite-copier.jpg
145,vaut-elle-la-peine-copier.jpg
146,vicoria-s-market-copier.jpg
147,vive-les-religions-copier.jpg
148,a-nos-soldats-copier.jpg
149,a_lovely-copier.jpg
150,auckland-museum-copier.jpg
151,avez-vous-peur-copier.jpg
152,bienvenue-etrangers-copier.jpg
153,entrez-dans-la-foret-copier.jpg
154,je-sais-pas-vraiment-ce-que-c-est-copier.jpg
155,kiwiiiiiiii-copier.jpg
156,monsters-copier.jpg
157,petits-ecoliers-en-uniforme-copier.jpg
158,pirogue-pour-100-rameurs-copier.jpg
159,une-maison-dans-le-musee-copier.jpg
160,verriere-copier.jpg
161,otara-market-1-copier.jpg
162,otara-market-2-copier.jpg
163,otara-market-drole-de-fruits-copier.jpg
164,otara-market-quelles-couleurs-art-copier.jpg
165,pigeon-ou-mouette-copier.jpg
166,un-bus-mais-pas-celui-qui-m-a-presque-eu-copier.jpg
167,devonport-anglican-church-copier.jpg
168,devonport-big-tree-copier.jpg
169,devonport-caleche-ensoleille-copier.jpg
170,devonport-carte-3d-copier.jpg
171,devonport-catholic-church-copier.jpg
172,devonport-composition-art-copier.jpg
173,devonport-dca-copier.jpg
174,devonport-fontaine-copier.jpg
175,devonport-jardin-d-adultes-copier.jpg
176,devonport-je-prefere-la-petite-copier.jpg
177,devonport-maison-des-femmes-de-soldats-copier.jpg
178,devonport-maison-en-brique-copier.jpg
179,devonport-maison-non-victorienne-copier.jpg
180,devonport-maison-qui-vaut-le-detour-non-copier.jpg
181,devonport-majestueux-couchant-2-sun-copier.jpg
182,devonport-majestueux-couchant-bis-sun-copier.jpg
183,devonport-majestueux-couchant-sun-copier.jpg
184,devonport-majestueux-couchent-3-sun-copier.jpg
185,devonport-memorial-maori-1-copier.jpg
186,devonport-memorial-maori-2-copier.jpg
187,devonport-pelouse-copier.jpg
188,devonport-power-plant-copier.jpg
189,devonport-rate-non-copier.jpg
190,devonport-reflet-de-soleil-copier.jpg
191,devonport-salle-de-spectacle-copier.jpg
192,devonport-tres-vieux-store-copier.jpg
193,devonport-une-ile-copier.jpg
194,devonport-vieux-store-2-copier.jpg
195,devonport-vous-avez-vu-le-travail-du-bois-copier.jpg
196,devonport-would-you-lunch-copier.jpg
197,sur-la-route-copier.jpg
198,sur-la-route-copier_0.jpg
199,sur-la-route-lampadaire-copier.jpg
200,sur-la-route-lampadaire-copier_0.jpg
201,sur-la-route-lampadaire.jpg
202,sur-la-route-les-toilettes-1-copier.jpg
203,sur-la-route-les-toilettes-1.jpg
204,sur-la-route-les-toilettes-2-copier.jpg
205,sur-la-route-les-toilettes-2.jpg
206,sur-la-route-les-toilettes-3-copier.jpg
207,sur-la-route-les-toilettes-3.jpg
208,sur-la-route-les-toilettes-4-copier.jpg
209,sur-la-route-les-toilettes-4.jpg
210,sur-la-route-les-toilettes-5-copier.jpg
211,sur-la-route-les-toilettes-5.jpg
212,sur-la-route-un-store-copier.jpg
213,croisiere-1-copier.jpg
214,croisiere-1.jpg
215,croisiere-10-copier.jpg
216,croisiere-11-copier.jpg
217,croisiere-27-copier.jpg
218,croisiere-28-copier.jpg
219,croisiere-29-copier.jpg
220,croisiere-3-copier.jpg
221,croisiere-3.jpg
222,croisiere-30-copier.jpg
223,croisiere-32-copier.jpg
224,croisiere-33-copier.jpg
225,croisiere-35-copier.jpg
226,croisiere-36-copier.jpg
227,croisiere-37-copier.jpg
228,croisiere-39-copier.jpg
229,croisiere-6-copier.jpg
230,croisiere-6.jpg
231,croisiere-8-copier.jpg
232,croisiere-8.jpg
233,croisiere-9-copier.jpg
234,croisiere-9.jpg
235,croisiere-gouttes-art-copier.jpg
236,croisiere-into-the-rock-1-copier.jpg
237,croisiere-into-the-rock-2-bis-copier.jpg
238,croisiere-into-the-rock-2-copier.jpg
239,croisiere-into-the-rock-3-copier.jpg
240,croisiere-into-the-rock-4-copier.jpg
241,croisiere-into-the-rock-5-copier.jpg
242,croisiere-into-the-rock-6-copier.jpg
243,croisiere-mouette-1-copier.jpg
244,croisiere-oiseau-1-copier.jpg
245,croisiere-oiseau-2-copier.jpg
246,croisiere-oiseau-3-copier.jpg
247,croisiere-oiseau-4-copier.jpg
248,croisiere-oiseau-mangeant-copier.jpg
249,kauri-mange-pas-l-herbe-copier.jpg
250,kauri-mange-pas-l-herbe-copier_0.jpg
251,kauri-plaque-explicative-copier.jpg
252,kauri-plaque-explicative-copier_0.jpg
253,kauri-sois-propre-copier.jpg
254,kauri-the-ecorce-copier.jpg
255,kauri-the-majestueux-copier.jpg
256,kauri-the-truc-copier.jpg
257,kauri-une-buche-copier.jpg
258,dauphin-2-copier.jpg
259,dauphin-3-copier.jpg
260,dauphin-4-copier.jpg
261,dauphin-6-copier.jpg
262,dauphin-8-copier.jpg
282,kayaking-2-moi-copier.jpg
283,kayaking-3-moi-copier.jpg
280,ils-sont-fou-2-copier.jpg
281,ils-sont-fou-3-xtr-copier.jpg
267,mission-bay-conteneurs-et-grue-copier.jpg
268,mission-bay-drole-de-truc-copier.jpg
269,mission-bay-transformers-copier.jpg
270,mission-bay-wagon-vide-copier.jpg
279,ils-sont-fou-1-copier.jpg
271,auckland-ads-rgb-copier.jpg
272,auckland-food-alley-ppl-copier.jpg
273,auckland-harbour-moi-copier.jpg
274,auckland-street-art-copier.jpg
275,tres-belle-rien-a-dire-art-copier.jpg
276,un-bus-mais-pas-celui-qui-m-a-presque-eu-copier_0.jpg
277,pigeon-ou-mouette-copier_0.jpg
278,rate-1-copier.jpg
284,kayaking-4-moi-copier.jpg
285,kayaking-il-fait-beau-bis-copier.jpg
286,kayaking-il-fait-beau-copier.jpg
287,kayaking-oiseau-inconnu-1-copier.jpg
288,kayaking-oiseau-inconnu-2-copier.jpg
289,kayaking-oiseau-presses-1-copier.jpg
290,kayaking-oiseau-presses-2-copier.jpg
291,kayaking-spanish-guy-1-copier.jpg
292,kayaking-spanish-guy-2-copier.jpg
293,kayaking-vue-sur-paihia-copier.jpg
294,kayaking-spanish-guy-3-copier.jpg
351,french-guy-ppl-copier.jpg
352,paihia-mon-hostel-1-copier.jpg
325,paihia-bike-bye-bye-russel-copier.jpg
326,paihia-bike-falls-and-beach-copier.jpg
327,paihia-bike-falls-and-moi-copier.jpg
328,paihia-bike-falls-et-rainbow-copier.jpg
329,paihia-bike-fleurs-d-hiver-copier.jpg
330,paihia-bike-golfman-copier.jpg
331,paihia-bike-haruru-falls-copier.jpg
332,paihia-bike-histoire-de-drapeau-copier.jpg
333,paihia-bike-la-comte-copier.jpg
334,paihia-bike-mon-assaillant-copier.jpg
335,paihia-bike-old-church-vraiment-copier.jpg
336,paihia-bike-pa-copier.jpg
337,paihia-bike-paysage-1-copier.jpg
338,paihia-bike-paysage-2-copier.jpg
339,paihia-bike-paysage-3-copier.jpg
340,paihia-bike-paysage-4-copier.jpg
341,paihia-bike-paysage-5-copier.jpg
342,paihia-bike-petite-maison-dans-la-prairie-copier.jpg
343,paihia-bike-poule-perdue-copier.jpg
344,paihia-bike-presque-perdues-copier.jpg
345,paihia-bike-quai-de-russel-copier.jpg
346,paihia-bike-ruisselet-copier.jpg
347,paihia-bike-statues-copier.jpg
348,paihia-bike-vla-les-vaches-copier.jpg
349,paihia-bike-zoulie-bateaux-copier.jpg
324,paihia-bike-angie-and-the-hill-pplcopier.jpg
350,contest-copier.jpg
353,paihia-mon-hostel-2-copier.jpg
354,paihia-mon-hostel-3-copier.jpg
355,patricia-et-moi-ppl-copier.jpg
356,a-kerikeri-duck-copier.jpg
357,a-kerikeri-moi-1-copier.jpg
358,a-kerikeri-moi-2-copier.jpg
359,a-kerikeri-passage-%c3%a0-gu%c3%a9-copier.jpg
360,fv-kerikeri-canoe-moi-ppl-copier.jpg
361,fv-kerikeri-canoe-ppl-copier.jpg
362,fv-kerikeri-canoe-ppl-moi-copier.jpg
363,fv-kerikeri-fishing-village-copier.jpg
364,fv-kerikeri-hutte-de-pecheur-bis-copier.jpg
365,fv-kerikeri-hutte-de-pecheur-copier.jpg
366,fv-kerikeri-mon-ami-moi-copier.jpg
367,kerikeri-anika-et-magdalena-ppl-copier.jpg
368,kerikeri-dominic-pplcopier.jpg
369,kerikeri-magdalena-falls-ppl-copier.jpg
370,kerikeri-oiseau-1-brd-copier.jpg
371,kerikeri-oiseau-2-brd-copier.jpg
372,kerikeri-pause-ppl-copier.jpg
373,kerikeri-paysage-arbre-copier.jpg
374,kerikeri-paysage-maison-copier.jpg
375,kerikeri-paysage-pont-copier.jpg
376,kerikeri-photographe-photo-ppl-copier.jpg
377,kerikeri-rainbow-falls-1-copier.jpg
378,kerikeri-rainbow-falls-2-copier.jpg
379,kerikeri-rainbow-falls-3-copier.jpg
380,kerikeri-rainbow-falls-5-copier.jpg
381,kerikeri-rainbow-falls-6-copier.jpg
382,kerikeri-rainbow-falls-7-copier.jpg
383,kerikeri-rainbow-falls-8-copier.jpg
384,kerikeri-rainbow-falls-et-moi-copier.jpg
385,waipoui-andouille-ou-moi-copier.jpg
386,waipoui-cathedral-groove-copier.jpg
387,waipoui-four-sisters-copier.jpg
388,waipoui-histoire-sur-le-retour-ppl-copier.jpg
389,waipoui-hutte-a-canoe-copier.jpg
390,waipoui-kauri-ppl-copier.jpg
391,waipoui-pont-forestier-copier.jpg
392,waipoui-promeneurs-1-ppl-copier.jpg
393,waipoui-promeneurs-2-ppl-copier.jpg
394,waipoui-seche-poisson-copier.jpg
395,waipoui-tane-mahuta-10-copier.jpg
396,waipoui-tane-mahuta-2-copier.jpg
397,waipoui-tane-mahuta-8-copier.jpg
398,waipoui-tane-mahuta-copier.jpg
399,waipoui-tane-mahuta-ter-copier.jpg
400,waipoui-te-matua-ngahere-copier.jpg
401,waipoui-umbrela-copier.jpg
402,waipoui-yakas-2-copier.jpg
403,waipoui-yakas-5-ppl-copier.jpg
404,waipoui-yakas-copier.jpg
405,waipoui-yakas-vers-la-cime-copier.jpg
406,z-waipoui-fin-du-voyage-bis-ppl-copier.jpg
407,z-waipoui-fin-du-voyage-ppl-copier.jpg
408,fleurs-manuka-flw-copier.jpg
409,levant-aur-copier.jpg
410,paihia-church-copier.jpg
411,paihia-jeux-d-enfants-copier.jpg
412,paihia-la-poste-copier.jpg
413,paihia-la-ville-2-copier.jpg
414,paihia-la-ville-copier.jpg
415,paihia-la-ville-3-copier.jpg
416,paihia-la-ville-4-copier.jpg
417,paihia-la-ville-5-copier.jpg
418,paihia-la-ville-6-ppl-copier.jpg
419,paihia-hike-foret-sur-les-hauteurs-bis-copier.jpg
420,paihia-hike-foret-sur-les-hauteurs-copier.jpg
421,paihia-hike-foret-sur-les-hauteurs-ter-copier.jpg
422,paihia-hike-riviere-copier.jpg
423,paihia-hike-smiley-copier.jpg
424,paihia-hike-vue-sur-waitangi-copier.jpg
425,cape-reinga-arbre-solitaire-copier.jpg
426,cape-reinga-bain-de-mer-1-copier.jpg
427,cape-reinga-bain-de-mer-2-copier.jpg
428,cape-reinga-bain-de-mer-3-copier.jpg
429,cape-reinga-bain-de-mer-4-copier.jpg
430,cape-reinga-bain-de-mer-5-copier.jpg
431,cape-reinga-bain-de-mer-6-copier.jpg
432,cape-reinga-carte-maori-copier.jpg
433,cape-reinga-combat-de-mouette-1-copier.jpg
434,cape-reinga-combat-de-mouette-2-copier.jpg
435,cape-reinga-la-plage-1-copier.jpg
436,cape-reinga-la-plage-2-copier.jpg
437,cape-reinga-la-plage-3-copier.jpg
438,cape-reinga-la-plage-4-copier.jpg
439,cape-reinga-la-plage-5-copier.jpg
440,cape-reinga-la-plage-6-copier.jpg
441,cape-reinga-la-plage-7-copier.jpg
442,cape-reinga-la-plage-8-copier.jpg
443,cape-reinga-le-bus-1-copier.jpg
444,cape-reinga-le-bus-2-copier.jpg
445,cape-reinga-le-phare-copier.jpg
446,cape-reinga-paysage-1-copier.jpg
447,cape-reinga-paysage-10-copier.jpg
448,cape-reinga-paysage-2-copier.jpg
449,cape-reinga-paysage-3-copier.jpg
450,cape-reinga-paysage-4-copier.jpg
451,cape-reinga-paysage-5-copier.jpg
452,cape-reinga-paysage-6-copier.jpg
453,cape-reinga-paysage-7-copier.jpg
454,cape-reinga-paysage-8-copier.jpg
455,cape-reinga-paysage-9-copier.jpg
456,cape-reinga-paysage-vue-du-bus-1-copier.jpg
457,cape-reinga-paysage-vue-du-bus-2-copier.jpg
458,cape-reinga-paysage-vue-du-bus-3-copier.jpg
459,cape-reinga-paysage-vue-du-bus-4-copier.jpg
460,cape-reinga-pour-maman-copier.jpg
461,scuba-poor-knight-1-copier.jpg
462,scuba-poor-knight-10-copier.jpg
463,scuba-poor-knight-11-copier.jpg
464,scuba-poor-knight-2-copier.jpg
465,scuba-poor-knight-3-copier.jpg
466,scuba-poor-knight-4-copier.jpg
467,scuba-poor-knight-5-copier.jpg
468,scuba-poor-knight-6-copier.jpg
469,scuba-poor-knight-7-copier.jpg
470,scuba-poor-knight-8-copier.jpg
471,scuba-poor-knight-9-copier.jpg
472,scuba-poor-knight-anm-1-copier.jpg
473,scuba-poor-knight-anm-2-copier.jpg
474,scuba-poor-knight-anm-3-copier.jpg
475,scuba-poor-knight-brd-copier.jpg
476,wharangei-drole-d-arbre-copier.jpg
477,wharangei-falls-1-copier.jpg
478,wharangei-falls-2-copier.jpg
479,wharangei-jolie-pont-pieton-copier.jpg
480,wharangei-la-mine-d-or-copier.jpg
481,wharangei-la-riviere-copier.jpg
482,wharangei-la-ville-1-copier.jpg
483,wharangei-la-ville-2-copier.jpg
484,wharangei-le-bassin-1-copier.jpg
485,wharangei-le-bassin-2-copier.jpg
486,wharangei-le-centre-1-copier.jpg
487,wharangei-le-centre-2-copier.jpg
488,wharangei-les-boutiques-du-bassin-copier.jpg
489,wharangei-les-vaches-d-ici-copier.jpg
490,wharangei-musee-horloger-copier.jpg
491,wharangei-petite-cascade-2-copier.jpg
492,wharangei-petite-cascade-copier.jpg
493,wharangei-point-de-vu-des-photos-la-ville-copier.jpg
494,wharangei-pont-qui-bouge-copier.jpg
495,wharangei-protection-des-racines-copier.jpg
496,wharangei-ruisseau-rouge-copier.jpg
497,wharangei-ruisselet-copier.jpg
498,wharangei-un-train-de-tronc-copier.jpg
499,rwc-auckland-concert-1-copier.jpg
500,rwc-auckland-concert-2-copier.jpg
501,rwc-auckland-concert-3-copier.jpg
502,rwc-auckland-concert-4-copier.jpg
503,rwc-auckland-danse-des-elevateurs-1-copier.jpg
504,rwc-auckland-danse-des-elevateurs-2-copier.jpg
505,rwc-auckland-drapeaux-1-copier.jpg
506,rwc-auckland-drapeaux-2-copier.jpg
507,rwc-auckland-drapeaux-3-copier.jpg
508,rwc-auckland-drapeaux-4-copier.jpg
509,rwc-auckland-fireworks-1-copier.jpg
510,rwc-auckland-fireworks-3-copier.jpg
511,rwc-auckland-fireworks-4-copier.jpg
512,rwc-auckland-foule-1-copier.jpg
513,rwc-auckland-foule-2-copier.jpg
514,rwc-auckland-foule-3-copier.jpg
515,rwc-auckland-foule-4-copier.jpg
516,rwc-auckland-gens-perches-1-copier.jpg
517,rwc-auckland-joli-flou-copier.jpg
518,rwc-auckland-maoris-1-copier.jpg
519,rwc-auckland-maoris-2-copier.jpg
520,rwc-auckland-maoris-3-copier.jpg
521,rwc-auckland-maoris-4-copier.jpg
522,rwc-auckland-maoris-7-copier.jpg
523,rwc-auckland-maoris-8-copier.jpg
524,rwc-auckland-maoris-9-copier.jpg
525,rwc-auckland-match-1-copier.jpg
526,rwc-auckland-match-2-copier.jpg
527,rwc-auckland-public-1-copier.jpg
528,rwc-auckland-public-2-copier.jpg
529,rwc-auckland-rue-deserte-copier.jpg
530,rwc-auckland-waka-copier.jpg
531,rwc-auckland-world-is-here-to-play-rugby-copier.jpg
532,fr-jap-le-match-1-copier.jpg
533,fr-jap-le-match-2-copier.jpg
534,fr-jap-les-nippons-copier.jpg
535,fr-jap-les-tribunes-1-copier.jpg
536,fr-jap-les-tribunes-2-copier.jpg
537,fr-jap-mousquetaires-copier.jpg
538,fr-jap-queens-wharf-copier.jpg
539,fr-jap-rugby-big-balloon-copier.jpg
540,fr-jap-tir-au-but-1-copier.jpg
541,fr-jap-tir-au-but-2-copier.jpg
542,fr-jap-tour-de-stade-1-copier.jpg
543,fr-jap-tour-de-stade-2-copier.jpg
544,fr-jap-tour-de-stade-3-copier.jpg
545,fr-jap-queens-wharf-copier.jpg
546,fr-jap-rugby-big-balloon-copier.jpg
547,rugby-1-copier.jpg
548,rugby-2-copier.jpg
549,ab_worries.jpg
550,sharpy_french.jpg
551,what_went_wrong.jpg
552,fr-can_affiche-1-copier.jpg
553,fr-can_affiche-1-copier_0.jpg
554,fr-can_eric-copier.jpg
555,fr-can_match-1-copier.jpg
556,fr-can_match-2-copier.jpg
557,fr-can_match-3-copier.jpg
558,fr-can_match-4-copier.jpg
559,fr-can_serge-copier.jpg
560,fr-can_supporter-1-copier.jpg
561,fr-can_supporter-10-copier.jpg
562,fr-can_supporter-2-copier.jpg
563,fr-can_supporter-3-copier.jpg
564,fr-can_supporter-4-copier.jpg
565,fr-can_supporter-5-copier.jpg
566,fr-can_supporter-6-copier.jpg
567,fr-can_supporter-7-copier.jpg
568,fr-can_supporter-8-copier.jpg
569,fr-can_supporter-9-copier.jpg
570,raglan_bush-1-copier.jpg
571,raglan_bush-2-copier.jpg
572,raglan_bush-3-copier.jpg
573,raglan_bush-4-copier.jpg
574,raglan_bush-5-copier.jpg
575,raglan_bush-drole-de-tronc-copier.jpg
576,raglan_bush-racines-copier.jpg
577,raglan_karioi-lodge-1-copier.jpg
578,raglan_karioi-lodge-1-copier_0.jpg
579,raglan_karioi-lodge-2-copier.jpg
580,raglan_karioi-lodge-3-copier.jpg
581,raglan_karioi-lodge-4-copier.jpg
582,raglan_karioi-lodge-5-copier.jpg
583,raglan_karioi-lodge-6-copier.jpg
584,raglan_karioi-lodge-7-copier.jpg
585,raglan_karioi-lodge-8-copier.jpg
586,raglan_karioi-lodge-9-copier.jpg
587,raglan_karioi-lodge-korrigan-copier.jpg
588,raglan_karioi-lodge-surf-1-copier.jpg
589,raglan_karioi-lodge-surf-2-copier.jpg
590,raglan_black-sand-beach-1-copier.jpg
591,raglan_black-sand-beach-2-copier.jpg
592,raglan_black-sand-beach-3-copier.jpg
593,raglan_black-sand-beach-4-copier.jpg
594,raglan_main-street-copier.jpg
595,raglan_oiseau-1-brd-copier.jpg
596,raglan_oiseau-2-brd-copier.jpg
597,raglan_oiseau-3-brd-copier.jpg
598,raglan_petite-maison-perdue-1-copier.jpg
599,raglan_petite-maison-perdue-2-copier.jpg
600,raglan_qu-il-va-vite-copier.jpg
601,raglan_sans-le-van-copier.jpg
602,raglan_surfer-1-copier.jpg
603,raglan_surfer-2-copier.jpg
604,raglan_surfer-3-copier.jpg
605,raglan_the-wave-copier.jpg
606,waitomo_arbres-morts-copier.jpg
607,waitomo_from-the-pa-copier.jpg
608,waitomo_grotte-1-copier.jpg
609,waitomo_grotte-2-copier.jpg
610,waitomo_grotte-3-copier.jpg
611,waitomo_grotte-river-copier.jpg
612,waitomo_la-boue-1-copier.jpg
613,waitomo_la-boue-2-copier.jpg
614,waitomo_landscape-1-copier.jpg
615,waitomo_landscape-2-copier.jpg
616,waitomo_landscape-3-copier.jpg
617,waitomo_landscape-4-copier.jpg
618,waitomo_landscape-5-copier.jpg
619,waitomo_maison-perdue-1-copier.jpg
620,waitomo_mon-troupeau-d-allemand-ppl-copier.jpg
621,waitomo_petit-chemin-1-copier.jpg
622,waitomo_petit-chemin-2-copier.jpg
623,waitomo_river-1-copier.jpg
624,waitomo_river-2-copier.jpg
625,waitomo_river-3-copier.jpg
626,waitomo_the-pa-bis-copier.jpg
627,waitomo_the-pa-copier.jpg
628,waitomo_tunnel-bis-copier.jpg
629,waitomo_tunnel-copier.jpg
630,img_0044-copier.jpg
631,img_0046-copier.jpg
632,img_0047-copier.jpg
633,img_0048-copier.jpg
634,img_0049-copier.jpg
635,img_0051-copier.jpg
636,img_0053-copier.jpg
637,img_0054-copier.jpg
638,img_0055-copier.jpg
639,img_0056-copier.jpg
640,img_0058-copier.jpg
641,img_0059-copier.jpg
642,img_0061-copier.jpg
643,img_0064-copier.jpg
644,img_0065-copier.jpg
645,img_0067-copier.jpg
646,img_0068-copier.jpg
647,img_0069-copier.jpg
648,img_0073-copier.jpg
649,img_0074-copier.jpg
650,img_0075-copier.jpg
651,img_0076-copier.jpg
652,img_0077-copier.jpg
653,img_0078-copier.jpg
654,taupo_airplane-1-ppl-copier.jpg
655,taupo_airplane-2-ppl-copier.jpg
656,taupo_airplane-3-ppl-copier.jpg
657,taupo_bain-chaud-bis-copier.jpg
658,taupo_bain-chaud-copier.jpg
659,taupo_bain-chaud-ter-copier.jpg
660,taupo_friends-1-copier.jpg
661,taupo_friends-10-copier.jpg
662,taupo_friends-11-copier.jpg
663,taupo_friends-2-copier.jpg
664,taupo_friends-3-copier.jpg
665,taupo_friends-4-copier.jpg
666,taupo_friends-5-copier.jpg
667,taupo_friends-6-copier.jpg
668,taupo_friends-7-copier.jpg
669,taupo_friends-8-copier.jpg
670,taupo_friends-9-copier.jpg
671,taupo_haruka-falls-1-copier.jpg
672,taupo_haruka-falls-2-copier.jpg
673,taupo_haruka-falls-3-copier.jpg
674,taupo_haruka-falls-4-copier.jpg
675,taupo_haruka-falls-5-copier.jpg
676,taupo_haruka-falls-6-xtr-copier.jpg
677,taupo_haruka-falls-7-copier.jpg
678,taupo_malorie-and-lisa-ppl-copier.jpg
679,taupo_river-bis-copier.jpg
680,taupo_river-copier.jpg
681,taupo_stray-bus-copier.jpg
682,taupo_sunset-set-copier.jpg
683,taupo_vue-copier.jpg
684,taupo_xtr-copier.jpg
685,img_3861-copier.jpg
686,img_3864-copier.jpg
687,img_3865-copier.jpg
688,whakarewarewa_1-copier.jpg
689,whakarewarewa_2-copier.jpg
690,whakarewarewa_another-cook-pool-copier.jpg
691,whakarewarewa_cook-pool-copier.jpg
692,whakarewarewa_coulee-multicolore-bis-copier.jpg
693,whakarewarewa_coulee-multicolore-copier.jpg
694,whakarewarewa_dance-skirt-how-to-make-copier.jpg
695,whakarewarewa_geisers-1-copier.jpg
696,whakarewarewa_geisers-2-copier.jpg
697,whakarewarewa_geisers-3-copier.jpg
698,whakarewarewa_geisers-4-copier.jpg
699,whakarewarewa_geisers-5-copier.jpg
700,whakarewarewa_geisers-6-copier.jpg
701,whakarewarewa_hutte-commune-copier.jpg
702,whakarewarewa_mood-pool-copier.jpg
703,whakarewarewa_oven-bis-copier.jpg
704,whakarewarewa_oven-copier.jpg
705,whakarewarewa_pool-104-degre-copier.jpg
706,whakarewarewa_tombe-copier.jpg
707,whakarewarewa_totem-1-copier.jpg
708,whakarewarewa_totem-2-copier.jpg
709,whakarewarewa_totem-3-copier.jpg
710,whakarewarewa_totem-4-copier.jpg
711,whakarewarewa_view-copier.jpg
712,dscn0001-copier.jpg
713,dscn0453-copier.jpg
714,dscn0454-copier.jpg
715,dscn0455-copier.jpg
716,dscn0456-copier.jpg
717,dscn0457-copier.jpg
718,dscn0458-copier.jpg
719,dscn0459-copier.jpg
720,dscn0460-copier.jpg
721,dscn0461-copier.jpg
722,dscn0462-copier.jpg
723,dscn0463-copier.jpg
724,dscn0464-copier.jpg
725,dscn0465-copier.jpg
726,dscn0466-copier.jpg
727,dscn0467-copier.jpg
728,dscn0468-copier.jpg
729,dscn0469-copier.jpg
730,dscn0470-copier.jpg
731,dscn0471-copier.jpg
732,dscn0472-copier.jpg
733,dscn0473-copier.jpg
734,dscn0474-copier.jpg
735,dscn0475-copier.jpg
736,dscn0476-copier.jpg
737,dscn0477-copier.jpg
738,dscn0478-copier.jpg
739,img_0001-copier.jpg
740,img_0002-copier.jpg
741,img_0004-copier.jpg
742,img_0006-copier.jpg
743,img_0008-copier.jpg
744,img_0009-copier.jpg
745,img_0011-copier.jpg
746,img_0013-copier.jpg
747,img_0014-copier.jpg
748,img_0015-copier.jpg
749,img_0016-copier.jpg
750,img_0018-copier.jpg
751,img_0019-copier.jpg
752,img_0020-copier.jpg
753,img_0021-copier.jpg
754,img_0022-copier.jpg
755,img_0023-copier.jpg
756,img_0024-copier.jpg
757,img_0025-copier.jpg
758,img_0026-copier.jpg
759,img_0028-copier.jpg
760,img_0030-copier.jpg
761,img_0033-copier.jpg
762,img_0034-copier.jpg
763,img_0035-copier.jpg
764,img_0036-copier.jpg
765,img_0037-copier.jpg
766,img_0038-copier.jpg
767,img_0039-copier.jpg
768,img_0041-copier.jpg
769,img_0042-copier.jpg
770,img_0043-copier.jpg
771,img_0045-copier.jpg
772,img_0047-copier.jpg
773,img_0048-copier.jpg
774,img_0049-copier.jpg
775,img_0050-copier.jpg
776,img_0051-copier.jpg
777,img_0052-copier.jpg
778,img_0053-copier.jpg
779,img_0055-copier.jpg
780,img_0057-copier.jpg
781,img_0058-copier.jpg
782,img_0060-copier.jpg
783,img_0061-copier.jpg
784,img_0062-copier.jpg
785,img_0063-copier.jpg
786,img_0064-copier.jpg
787,img_0065-copier.jpg
788,img_0066-copier.jpg
789,dscn0482-copier.jpg
790,dscn0483-copier.jpg
791,dscn0487-copier.jpg
792,dscn0488-copier.jpg
793,dscn0489-copier.jpg
794,dscn0492-copier.jpg
795,dscn0493-copier.jpg
796,dscn0495-copier.jpg
797,dscn0496-copier.jpg
798,dscn0499-copier.jpg
799,dscn0500-copier.jpg
800,dscn0502-copier.jpg
801,dscn0503-copier.jpg
802,dscn0507-copier.jpg
803,dscn0508-copier.jpg
804,dscn0511-copier.jpg
805,dscn0512-copier.jpg
806,dscn0513-copier.jpg
807,dscn0514-copier.jpg
808,dscn0516-copier.jpg
809,dscn0517-copier.jpg
810,dscn0518-copier.jpg
811,dscn0520-copier.jpg
812,dscn0523-copier.jpg
813,dscn0524-copier.jpg
814,dscn0525-copier.jpg
815,dscn0527-copier.jpg
816,dscn0530-copier.jpg
817,dscn0534-copier.jpg
818,dscn0535-copier.jpg
819,dscn0536-copier.jpg
820,dscn0537-copier.jpg
821,dscn0542-copier.jpg
822,dscn0544-copier.jpg
823,dscn0545-copier.jpg
824,dscn0553-copier.jpg
825,dscn0554-copier.jpg
826,dscn0555-copier.jpg
827,dscn0559-copier.jpg
828,dscn0560-copier.jpg
829,dscn0562-copier.jpg
830,dscn0564-copier.jpg
831,dscn0570-copier.jpg
832,dscn0573-copier.jpg
833,dscn0576-copier.jpg
834,dscn0578-copier.jpg
835,dscn0582-copier.jpg
836,dscn0585-copier.jpg
837,dscn0592-copier.jpg
838,dscn0598-copier.jpg
839,dscn0606-copier.jpg
840,dscn0615-copier.jpg
841,dscn0616-copier.jpg
842,dscn0617-copier.jpg
843,dscn0618-copier.jpg
844,dscn0619-copier.jpg
845,dscn0621-copier.jpg
846,dscn0751-copier.jpg
847,dscn0752-copier.jpg
848,dscn0759-copier.jpg
849,dscn0766-copier.jpg
850,dscn0770-copier.jpg
851,dscn0772-copier.jpg
852,dscn0773-copier.jpg
853,dscn0777-copier.jpg
854,dscn0780-copier.jpg
855,dscn0783-copier.jpg
856,dscn0791-copier.jpg
857,img_0001-copier.jpg
858,img_0003-copier.jpg
859,img_0004-copier.jpg
860,img_0006-copier.jpg
861,img_0007-copier.jpg
862,img_0008-copier.jpg
863,img_0009-copier.jpg
864,img_0010-copier.jpg
865,img_0011-copier.jpg
866,img_0012-copier.jpg
867,img_0015-copier.jpg
868,img_0016-copier.jpg
869,img_0017-copier.jpg
870,img_0018-copier.jpg
871,img_0021-copier.jpg
872,img_0022-copier.jpg
873,img_0023-copier.jpg
874,img_0024-copier.jpg
875,img_0025-copier.jpg
876,dscn0622-copier.jpg
877,dscn0627-copier.jpg
878,dscn0628-copier.jpg
879,dscn0634-copier.jpg
880,dscn0635-copier.jpg
881,dscn0638-copier.jpg
882,dscn0640-copier.jpg
883,dscn0641-copier.jpg
884,dscn0646-copier.jpg
885,dscn0647-copier.jpg
886,dscn0650-copier.jpg
887,dscn0651-copier.jpg
888,dscn0652-copier.jpg
889,dscn0654-copier.jpg
890,dscn0661-copier.jpg
891,dscn0663-copier.jpg
892,dscn0669-copier.jpg
893,dscn0672-copier.jpg
894,dscn0673-copier.jpg
895,dscn0676-copier.jpg
896,dscn0678-copier.jpg
897,dscn0682-copier.jpg
898,dscn0692-copier.jpg
899,dscn0694-copier.jpg
900,dscn0695-copier.jpg
901,dscn0696-copier.jpg
902,dscn0701-copier.jpg
903,dscn0707-copier.jpg
904,dscn0712-copier.jpg
905,dscn0714-copier.jpg
906,dscn0717-copier.jpg
907,dscn0719-copier.jpg
908,dscn0720-copier.jpg
909,dscn0723-copier.jpg
910,dscn0727-copier.jpg
911,dscn0731-copier.jpg
912,dscn0734-copier.jpg
913,dscn0735-copier.jpg
914,dscn0737-copier.jpg
915,dscn0740-copier.jpg
916,dscn0741-copier.jpg
917,dscn0742-copier.jpg
918,dscn0743-copier.jpg
919,dscn0744-copier.jpg
920,img_0001-copier.jpg
921,img_0002-copier.jpg
922,img_0003-copier.jpg
923,img_0004-copier.jpg
924,img_0005-copier.jpg
925,img_0006-copier.jpg
926,img_0007-copier.jpg
927,img_0008-copier.jpg
928,img_0009-copier.jpg
929,img_0010-copier.jpg
930,img_0011-copier.jpg
931,img_0012-copier.jpg
932,img_0030-copier.jpg
933,img_0031-copier.jpg
934,img_0032-copier.jpg
935,img_0033-copier.jpg
936,img_0044-copier.jpg
937,img_0046-copier.jpg
938,img_0047-copier.jpg
939,img_0048-copier.jpg
940,img_0052-copier.jpg
941,img_0053-copier.jpg
942,img_0054-copier.jpg
943,img_0055-copier.jpg
944,img_0058-copier.jpg
945,img_0059-copier.jpg
946,img_0060-copier.jpg
947,img_0061-copier.jpg
948,img_0062-copier.jpg
949,img_0064-copier.jpg
950,img_0065-copier.jpg
951,img_0066-copier.jpg
952,img_0067-copier.jpg
953,img_0068-copier.jpg
954,img_0069-copier.jpg
955,img_0073-copier.jpg
956,img_0075-copier.jpg
957,img_0077-copier.jpg
958,img_0078-copier.jpg
959,img_0079-copier.jpg
960,img_0081-copier.jpg
961,img_0082-copier.jpg
962,img_0083-copier.jpg
963,img_0084-copier.jpg
964,img_0085-copier.jpg
965,img_0086-copier.jpg
966,img_0090-copier.jpg
967,img_0091-copier.jpg
968,img_0092-copier.jpg
969,img_0093-copier.jpg
970,img_0094-copier.jpg
971,img_0095-copier.jpg
972,img_0097-copier.jpg
973,img_0098-copier.jpg
974,img_0099-copier.jpg
975,img_0101-copier.jpg
976,img_0102-copier.jpg
977,img_0103-copier.jpg
978,img_0080-copier.jpg
979,rwc_events-1-copier.jpg
980,rwc_pompom-girls-1-copier.jpg
981,rwc_pompom-girls-2-copier.jpg
982,rwc_pompom-girls-3-copier.jpg
983,rwc_walk-to-the-stadium-1-copier.jpg
984,rwc_walk-to-the-stadium-2-copier.jpg
985,rwc_walk-to-the-stadium-3-copier.jpg
986,rwc_events_big-party-1-copier.jpg
987,rwc_events_big-party-2-copier.jpg
988,rwc_events_big-party-3-copier.jpg
989,rwc_events_big-party-4-copier.jpg
990,rwc_events_midnight-youth-1-copier.jpg
991,rwc_events_midnight-youth-2-copier.jpg
992,rwc_events_midnight-youth-3-copier.jpg
993,rwc_events_queen-s-wharf-1-copier.jpg
994,rwc_events_queen-s-wharf-2-copier.jpg
995,rwc_events_queen-s-wharf-3-copier.jpg
996,rwc_vrac_ambassade-de-france-copier.jpg
997,rwc_vrac_bus-anglais-copier.jpg
998,rwc_vrac_concert-1-copier.jpg
999,rwc_vrac_marine-1-copier.jpg
1000,rwc_vrac_marine-2-copier.jpg
1001,rwc_vrac_perturbation-atmospherisque-pendant-matchs-copier.jpg
1002,rwc_vrac_town-hall-girlshow-1-copier.jpg
1003,rwc_vrac_town-hall-girlshow-2-copier.jpg
1004,rwc_vrac_town-hall-girlshow-3-copier.jpg
1005,rwc_vrac_town-hall-singer-copier.jpg
1006,rwc_vrac_town-house-copier.jpg
1007,rwc_fr-tg_allez-la-france-1-copier.jpg
1008,rwc_fr-tg_allez-la-france-2-copier.jpg
1009,rwc_fr-tg_banda-1-copier.jpg
1010,rwc_fr-tg_banda-2-copier.jpg
1011,rwc_fr-tg_banda-3-copier.jpg
1012,rwc_fr-tg_chenille-1-copier.jpg
1013,rwc_fr-tg_chenille-2-copier.jpg
1014,rwc_fr-tg_chenille-3-copier.jpg
1015,rwc_fr-tg_helicopter-copier.jpg
1016,rwc_fr-tg_les-schtroumpfs-copier.jpg
1017,rwc_fr-tg_match-1-copier.jpg
1018,rwc_fr-tg_match-2-copier.jpg
1019,rwc_fr-tg_match-3-copier.jpg
1020,rwc_fr-tg_match-4-copier.jpg
1021,rwc_fr-tg_match-5-copier.jpg
1022,rwc_fr-tg_match-6-copier.jpg
1023,rwc_fr-tg_match-7-copier.jpg
1024,rwc_fr-tg_melting-pot-1-copier.jpg
1025,rwc_fr-tg_melting-pot-2-copier.jpg
1026,rwc_fr-tg_patinoire-copier.jpg
1027,rwc_fr-tg_stadium-copier.jpg
1028,rwc_fr-tg_support-tonga-1-copier.jpg
1029,rwc_fr-tg_support-tonga-2-copier.jpg
1030,rwc_fr-tg_support-tonga-3-copier.jpg
1031,rwc_fr-tg_supporter-1-copier.jpg
1032,rwc_fr-tg_supporter-2-copier.jpg
1033,napier_art-deco-1-copier.jpg
1034,napier_art-deco-10-copier.jpg
1035,napier_art-deco-11-copier.jpg
1036,napier_art-deco-12-copier.jpg
1037,napier_art-deco-13-copier.jpg
1038,napier_art-deco-14-copier.jpg
1039,napier_art-deco-15-copier.jpg
