2,http://www.voyage-nz.org/wp-content/uploads/2011/07/portrait.jpg
43,http://www.voyage-nz.org/wp-content/uploads/2011/08/mon-bateau-a-vapeur.jpg
54,http://www.voyage-nz.org/wp-content/uploads/2011/08/arbres-solitaires-sur-aurore-Copier.jpg
60,http://www.voyage-nz.org/wp-content/uploads/2011/08/ponsonby-street-Copier.jpg
71,http://www.voyage-nz.org/wp-content/uploads/2011/08/IMG_0025-Copier.jpg
84,http://www.voyage-nz.org/wp-content/uploads/2011/08/petits-ecoliers-en-uniforme-Copier.jpg
93,http://www.voyage-nz.org/wp-content/uploads/2011/08/Sur-la-route-un-store-Copier.jpg
98,http://www.voyage-nz.org/wp-content/uploads/2011/08/Croisiere-oiseau-1-Copier.jpg
106,http://www.voyage-nz.org/wp-content/uploads/2011/08/contest-Copier.jpg
140,http://www.voyage-nz.org/wp-content/uploads/2011/09/Paihia-Bike-falls-and-MOI-Copier.jpg
198,http://www.voyage-nz.org/wp-content/uploads/2011/09/Paihia-la-ville-6-PPL-Copier.jpg
202,http://www.voyage-nz.org/wp-content/uploads/2011/09/Cape-Reinga-le-bus-2-Copier.jpg
210,http://www.voyage-nz.org/wp-content/uploads/2011/09/Kerikeri-Magdalena-falls-PPL-Copier.jpg
214,http://www.voyage-nz.org/wp-content/uploads/2011/09/Scuba-Poor-Knight-10-Copier.jpg
219,http://www.voyage-nz.org/wp-content/uploads/2011/09/Wharangei-jolie-pont-pieton-Copier.jpg
259,http://www.voyage-nz.org/wp-content/uploads/2011/09/FR-JAP-Queens-Wharf-Copier.jpg
267,http://www.voyage-nz.org/wp-content/uploads/2011/09/FR-JAP-le-match-2-Copier.jpg
300,http://www.voyage-nz.org/wp-content/uploads/2011/09/what_went_wrong.jpg
310,http://www.voyage-nz.org/wp-content/uploads/2011/09/FR-CAN_supporter-9-Copier.jpg
315,http://www.voyage-nz.org/wp-content/uploads/2011/09/Raglan_black-sand-beach-2-Copier.jpg
319,http://www.voyage-nz.org/wp-content/uploads/2011/10/IMG_0068-Copier.jpg
362,http://www.voyage-nz.org/wp-content/uploads/2011/10/Taupo_friends-4-Copier.jpg
365,http://www.voyage-nz.org/wp-content/uploads/2011/10/IMG_0055-Copier.jpg
373,http://www.voyage-nz.org/wp-content/uploads/2011/10/IMG_0102-Copier.jpg
391,http://www.voyage-nz.org/wp-content/uploads/2011/10/RWC_Fr-Tg_melting-pot-2-Copier.jpg
394,http://www.voyage-nz.org/wp-content/uploads/2011/11/Napier_vue-sur-la-ville-Copier.jpg
399,http://www.voyage-nz.org/wp-content/uploads/2011/11/Blue-Duck-Station_la-ferme-sculpture-Copier.jpg
405,http://www.voyage-nz.org/wp-content/uploads/2011/11/National-Park_Upper-Tama-Lake-1-Copier.jpg
416,http://www.voyage-nz.org/wp-content/uploads/2012/01/011312_0033_LebergerCor1.jpg
416,http://www.voyage-nz.org/wp-content/uploads/2012/01/011312_0033_LebergerCor2.jpg
416,http://www.voyage-nz.org/wp-content/uploads/2012/01/011312_0033_LebergerCor3.jpg
416,http://www.voyage-nz.org/wp-content/uploads/2012/01/011312_0033_LebergerCor4.jpg
416,http://www.voyage-nz.org/wp-content/uploads/2012/01/011312_0033_LebergerCor21.jpg
416,http://www.voyage-nz.org/wp-content/uploads/2012/01/011312_0033_LebergerCor31.jpg
416,http://www.voyage-nz.org/wp-content/uploads/2012/01/011312_0033_LebergerCor41.jpg
