ID,post_title
1,"Salut à tous !"
2,"A propos de l'auteur / About me"
33,"Voyage, arrivée et première journée à Auckland !"
323,FR-CAN
324,Raglan
325,"Raglan lodge"
326,"Raglan bush"
327,"Raglan beach and town"
84,"Le museum d'Auckland !"
322,FR-CAN
43,"Jour 2 ou la visite du front de mer."
54,"Vous aller bénir le décalage horaire !"
60,"Dernières errances, quand il fait beau faut marcher !"
134,"paihia divers"
112,1
113,2
114,3
115,4
116,mt_Eden
117,Albert_Park
71,"Petite absence, grandes raisons !"
75,Status
83,"Last news"
93,"StrayTravel, en avant les aventures !"
98,"Bay of Island, ou le royaume des Dauphins"
106,"Qui veut gagner sa carte postale ? Premier tirage."
118,Errance_dans_le_centre
119,"Auckland Museum"
120,Devonport
121,"Otara Market"
122,"Croisiere Paihia"
123,"Road trip to the north 1"
124,"Divers fin aout"
125,"Kauri tree 1"
126,"Mission Bay"
127,"Les gens"
128,"Mes fiertes"
129,Dauphins
130,Xtreme
131,"paihia kayak"
132,"paihia bike"
259,"The World is Here to Play ! RWC"
140,"Paihia, ses plages, ses îles, ses activitées."
156,Index
280,
281,"About me"
182,
183,Epics
189,Kerikeri
190,Waipoui
191,Wharangei
192,"Paihia hiking"
193,"Paihia la ville"
194,"Cape Reinga"
195,Waipoui
196,Tutukaka
197,Wharangei
198,"Dernières images de Paihia..."
202,"Cap Reinga un lieu puissant !"
210,"Arc-en-ciel et Immenses Arbres"
214,"Un peu de plongée sous-marine"
219,"Whangarei ou la fin de mon périple dans le nord."
244,
263,"RWC Auckland"
264,FR-JAP
267,"France - Japon, depuis les tribunes !"
310,France-Canada
278,Events
279,
283,
300,"Petite revue de presse de la coupe du monde de Rugby !"
373,"The End of The Lake Waikaremoana Track"
315,"Début de mon périple au Sud d'Auckland"
328,"Raglan bush"
319,"Une belle randonnée à Waitomo, suivie d'une soirée Maori"
343,Waitomo
344,Soiree_Maori
345,Taupo
346,Whakarewarewa
365,"The Lake Waikaremoana Track"
362,"Thermalisme et amis de Singapour !"
367,Lake_Waka-av_dep
368,Lake_Waka-Etienne
369,Lake_Waka-Thomas
394,"Petite visite (guidé) de Napier"
376,"Lake_ Waka2-Thomas"
375,Lake_Waka2-Etienne
377,Lake_Waka3-Etienne
378,"Lake_ Waka3-Thomas"
379,"Lake_ Waka2-Thomas"
380,Lake_Waka3-Etienne
381,Lake_Waka2-Etienne
387,RWC_Fr-Tg
388,RWC_NZ-Can
389,RWC_Fr-Eng
390,RWC_vrac-Wellington
391,"Rugby news//dsl pr le retard..."
397,Napier
399,"Blue Duck Station and National Park"
404,Blue-Duck-Station
405,"Volcanoes __/°\__/`*^~.__"
406,National-Park
416,"Le berger Corse égaré dans la montagne (partie 1)"
